,rs4988235 ,genotype,rs41380347,genotype, rs182549,rs145946881, rs41525747
Lactose Tolerant,,,,,,,
1_Bastian,1,AA,1,AA,0,0,0
2_Sagan,1,GG,1,AA,0,0,0
3_NashParovoz,1,GG,0,-,0,0,0
4_Lb,1,AA,0,-,0,0,0
5_MaureenMarkov,1,AG,0,-,0,0,0
6_RMHolston,1,AA,1,AA,0,0,0
7_Nils Homer,1,AA,1,AA,0,0,0
8_StephenRudd,0,-,0,-,0,0,0
9_IngoBading,1,AA,1,AA,0,0,0
10_RobertDawson,1,AG,1,AA,0,0,0
,,,,,,,
Lactose Intolerant,,,,,,,
1_Samantha B. Clark,1,AG,1,AA,0,0,0
2_Coreygo,1,GG,1,AA,0,0,0
3_Lizzie,1,AA,1,AA,0,0,0
4_KonradWitte,1,GG,1,AA,0,0,0
5_LarryOsprey,1,GG,1,AA,0,0,0
6_RazibKhan,1,GG,1,AA,0,0,0
7_RichardMeier,1,GG,1,AA,0,0,0
8_AnthonyFossella,1,AG,1,AA,0,0,0
9_AgronDaja,1,GG,1,AA,0,0,0
10_Ingemar,1,AG,1,AA,0,0,0